Temperature,Humidity,Pressure,Vibration,Noise,Speed,Torque,Energy,Failure Probability,Downtime (Hours)
31.4901424590337,69.26177547531641,1016.99677718293,23.89180538083319,64.59857380020495,1557.061299721953,16.18438488424522,559.0320456226073,1.0,0.6136506395035066
29.585207096486446,79.0941664047013,1014.6231684145638,17.244071418357333,68.84385063427585,1596.818466053286,18.279229978440995,468.63432770243486,1.0,0.6968796511060916
31.94306561430208,46.01432426180859,1010.2981518496009,15.909005582888465,63.66064063200031,1466.8691616816677,19.17278893315671,502.26113544999913,1.0,0.7018016872044447
34.569089569224076,65.62969236690572,1006.7653161114721,19.98312771294524,67.53630776288767,1438.776326549225,23.77537531468038,502.55989509405424,1.0,0.7472630345843405
29.29753987582999,53.49357430878173,1013.4911165680679,19.149076887375358,54.85108266436971,1391.4849473442202,21.113106249067517,474.9107903594234,1.0,0.5633141636719173
29.29758912915246,55.12874616235304,1011.9674269271087,17.733859753363625,71.70634965898351,1417.4589470021044,17.32903686180022,431.37672260579495,1.0,0.759256727384733
34.737638446522176,54.07606075761131,1014.4759661001386,23.481937237283578,70.0096438028978,1794.9094425308726,20.972072578835274,516.1487251808834,1.0,0.42956083683972246
32.302304187458724,51.36009230320184,1013.1758590084098,24.776526042852552,63.463290951454475,1624.4679580736786,16.90539202212327,496.94980140723084,1.0,0.637011544763619
28.591576842195146,60.48521627944827,1015.2477635765966,20.442034431459238,75.27396534745924,1364.8925633791978,22.165382107774146,525.0120234718285,1.0,0.6511726157548455
31.627680130757895,51.69049883588962,1007.3238239421971,27.38765040527631,77.50056110101247,1367.754204325643,19.05775069636424,473.31998467804164,1.0,0.7633326826071238
28.609746921562614,62.704568257798385,1016.5869703281717,14.291554429332475,57.13952108504821,1548.1866061718492,19.81272762252166,561.0410649406524,1.0,0.702263085267687
28.60281073928923,59.49761890550863,1010.987998023462,19.03170270360141,63.89820177147028,1554.7264797377966,22.651593295084382,456.16131093940777,1.0,0.5594436946143714
30.725886814698104,57.6105195313359,1020.3763043631263,16.415888396985977,63.846861201701614,1554.8883835317365,17.4256728628315,585.6020142008946,1.0,0.6015006874182984
24.260159266026605,50.92436337958402,1006.5540609095522,10.6673169146347,62.480775191129084,1474.5044206446303,17.20576362977402,412.6181745085869,1.0,0.7198680009547407
24.8252465024609,54.23228669431667,1018.6798190158263,19.586596570786504,76.63579873545399,1487.45457399971,18.832801347307992,521.7385032278446,1.0,0.6920932658135444
28.313137412277083,67.55391225825755,1010.9895539173133,19.39126245808358,68.44939088981758,1532.7879524159357,22.076757702038634,523.7715341263312,1.0,0.6420875890364254
26.961506638996728,65.00917187624381,1006.7429099819277,27.567248716210656,67.88388126951511,1508.5893006293331,16.961307849046314,460.2221466029559,1.0,0.6519166210488021
30.94274199778582,50.22444755201449,1007.5805708297283,23.154058422773886,53.96910108474597,1278.0699627252466,14.335688803778861,521.2196968930506,1.0,0.7696167997159289
27.27592777343637,60.99332305429226,1008.3982634590284,14.879065878353975,75.08334424167381,1477.0200369424806,19.097682283182003,563.975933488008,1.0,0.6482307427130786
25.763088895994127,67.5138712337179,1012.1208297320096,29.27046283167094,60.08593284117222,1414.8593565739686,21.10348159982184,389.1590580322968,1.0,0.6911908755970927
34.39694630676466,43.305947188786284,1012.6141774401775,26.105168477626766,70.47946104213062,1517.5211418908511,22.400523499477657,525.1372403745407,1.0,0.9169936588080543
29.322671098540393,65.43360192379934,1007.1314999803071,22.91048851734308,72.21901550366553,1798.5259002603411,19.0736772758292,375.33645898349613,1.0,0.5576317363116077
30.20258461406377,53.37376241054153,1009.8782270386951,18.86757950575084,80.8852687667092,1536.7481665474304,19.177146785767995,451.7167598238396,1.0,0.5148157268425342
25.72575544135963,65.70598668593159,1020.7113517930593,15.202803816382602,59.529436807047105,1468.6470313827601,22.307801468511496,581.4583182450473,1.0,0.7783589664798607
28.36685182642445,52.367408434574834,1018.6377158505036,18.138966119644735,45.8439027534334,1592.1801501977252,16.260516600609158,470.9108983303973,1.0,0.6321356938705897
30.3327677691296,41.95117899335481,1012.1816183483702,25.44374309852093,71.47079635802956,1548.2687887209213,19.222958449633982,441.30600177955137,1.0,0.668176247225738
26.54701926773309,43.72457562116837,1010.190017390841,29.422931529673043,84.40408945208682,1542.009449045184,20.380847779850114,490.1031135507659,1.0,0.6218843621868886
31.127094055037016,60.48084946661382,1010.6001566335913,27.716217641360945,79.9115708235155,1560.685059321567,20.898437442570067,603.3953169081776,1.0,0.6740199859232487
28.198083930243584,62.59722501721482,1013.0675898636521,17.55575289106863,71.677275322197,1705.6543564829542,18.980386613618236,408.41588763969867,1.0,0.8598538112096341
29.124918750620168,50.956833748955916,1004.8860371740079,14.401912833554944,66.06691051494361,1386.9111564674085,20.068882023411682,447.43450441803276,1.0,0.7802128458618119
28.194880163311808,66.38592458777374,1008.7131173128832,20.70443123455602,76.45698077309848,1547.3632076811455,15.023345293174021,574.8715841589814,1.0,0.7862223511886977
35.55683455352681,43.3847993773104,1001.6570796306121,11.157803172185742,62.21163040236425,1407.361887001846,18.683503175332305,592.8851171768866,1.0,0.5583772944207355
29.9595083257862,59.33920201352684,1011.9961156130264,21.615838570923906,73.81086215484976,1555.551264634225,20.907017425108936,494.8284387854858,1.0,0.584884626344713
26.8268672131323,47.889838002375434,1013.2359796985137,19.261987068506656,74.04376127333302,1408.1313488513906,18.035411931490643,438.0473648736679,1.0,0.4160921340514573
32.46763473630957,53.48163892197841,1007.5840676885032,17.66981749065879,78.48167925999104,1458.2633186394917,20.117968443179194,604.7921750904579,1.0,0.6190619178917246
26.337469050086934,60.47398671316414,1017.8699338164502,12.026484663666022,92.07728031128862,1470.4910085762094,20.893745001605396,579.7221195874598,1.0,0.7956703186385659
30.626590785014265,51.39586634716048,1003.8711716849883,22.568000532848583,73.13932773743014,1597.581671934471,19.31490159828447,533.9473493881117,1.0,0.7516946515748371
24.120989628360675,56.154444557701744,1002.6781255989509,17.336495801690443,65.92829099434002,1591.8454443942414,20.340927541993143,459.379882553129,1.0,0.6778486737047876
26.015441853304708,70.0629280921444,1011.1222590927998,14.15041582144856,69.79540550246405,1375.4282623553615,18.074534869430774,497.5485329580982,1.0,0.6977699716281947
30.590583707607372,54.23108130476851,1015.2354915130608,5.638688933591753,55.847392760887054,1505.4934110999848,19.586777440607907,491.98199594775843,1.0,0.6311114457424595
32.21539973998623,68.35692112065142,1018.4196384572894,19.862425474746818,64.44229495128754,1429.0420145250828,21.220432339178444,516.5425652307789,1.0,0.7204758882401785
30.51410484356991,48.702931453423815,1007.7055786856553,28.86125798334872,66.72574049509517,1374.1495089324665,20.313945921936867,572.5500719065668,1.0,0.7765878279480615
29.65305515283528,65.29804177915283,1015.3934041671565,28.30629607273935,65.80729281652326,1478.298294957563,18.82693746087213,543.9708520568702,1.0,0.5384113212589527
29.096688913232132,74.41568620657901,1009.8074576524965,17.714518717068643,71.21883897626978,1469.151721154418,20.448432808581586,446.1311961507621,1.0,0.7299647687837348
25.56443402889772,35.283554998727105,1009.1368635002959,16.988939698191096,63.420640540942394,1742.6716486345522,21.429219581273237,568.8248225009769,1.0,0.7932434870954668
27.840467374815873,52.03104744529523,1014.4182996874333,22.34387128037512,78.96824533859578,1543.2959825360697,15.900117442845044,515.6566070006578,1.0,0.658489971103663
28.618083687120638,65.7707212718054,1013.2616143920671,15.008072804058543,70.00165651934557,1362.2382499245764,22.318148129911794,534.3532897929458,1.0,0.7700700612120583
33.171366678656746,57.96954613957007,1002.1180392150787,21.50895949909733,69.92559743089109,1443.5225995829057,19.327490522637856,573.3270429639301,1.0,0.9814654444472553
31.030854868705383,63.71145873371309,1017.3827017486295,23.830401391923452,67.37684226789666,1602.1383295429398,20.85097986648046,444.4209875243224,1.0,0.6895657207013108
24.7108795339118,53.960148132841795,1016.9004567707373,26.13466611942154,71.24152547087184,1708.8442772869926,22.394493847290455,498.20872106467687,1.0,0.7393307050005324
30.972251908184386,60.865897874729,1006.8721864924523,19.499229617600236,76.60078611734107,1341.4016687762041,17.256652605539067,473.4272724320393,1.0,0.6261942916338609
28.84475315875105,58.44322764607921,1011.979017667187,18.98163124911517,63.0629582743128,1312.0075614860955,18.581117995144908,421.6070287317272,1.0,0.718125116260205
27.969233999082125,71.67782061659807,1012.4701509314137,15.610087066217194,64.73506808739795,1687.0965175371782,19.42290260824859,517.335498880246,1.0,0.7460271624982304
31.835028866522602,62.54420843301213,1011.3033688291196,15.8655982298007,67.57019176978669,1538.9614177370904,18.432492957751144,625.5778275792212,1.0,0.7194842340270138
33.092998567487854,63.37602662075202,1007.2484742307729,18.867605540492367,59.23303261221428,1413.1707268123635,23.469873151673617,407.99611277471234,1.0,0.5980304680291143
32.79384035734859,55.881230338775325,1006.6418831603097,21.83682753408089,63.44593712222802,1553.4629086122436,18.286455812346414,498.38596944752646,1.0,0.7206361771325451
27.482347430332084,55.123937759275066,1009.8722296450428,24.567923131166246,66.19023301164273,1236.4252260983121,18.88890644102627,532.0271467537386,1.0,0.8462195938717637
29.072362872446355,55.67441812180379,1015.8636450962969,15.984105246598276,76.99511344570182,1500.337550659716,20.408778063205954,506.15391008280903,1.0,0.7448635764514527
30.99379029421069,63.944521423782966,1012.7180007729721,27.46344284479761,72.1004906320154,1532.7821172843085,17.595700947847824,494.343597374213,1.0,0.7961987189071842
32.92663538136708,55.79015519179737,1008.1469283395695,18.644381994787157,71.54871929094035,1592.427013953783,19.208638576487473,435.0391818277088,1.0,0.6762988029987372
28.56247728646413,62.89774856896413,1013.8584935532417,19.89316352825782,76.80718369734377,1398.6104047707463,20.63490652250035,511.6393371470082,1.0,0.774990023942371
29.44302307000855,80.75400798645438,995.7572868968497,16.263941604260882,68.90102569280482,1508.568716140336,19.334279191234977,462.1618011492037,1.0,0.7279267838216525
26.680995077981915,68.71124703431693,1015.7438285018605,7.878798698635292,73.12371879943112,1407.4575373940413,19.8132262822001,390.50391475107233,1.0,0.6049089270312769
26.411380127757987,56.73976467832159,1001.3014311061095,24.42022698180525,69.17422597654003,1525.5383755674318,18.94133577510326,559.7296110256865,1.0,0.7318521004798875
32.43757746718259,72.01213922163944,1008.1877952929843,23.684219485462165,72.12289879519703,1410.4653677636975,16.971059381638465,547.9192909921021,1.0,0.6008303336559689
34.06872008571247,55.91924626978449,1004.4016505268693,18.593362214408934,65.33793073910735,1459.189916083978,20.643186422678475,502.583048842554,1.0,0.6367119725115208
29.783969635258998,39.61875464822146,1003.5265926213955,20.33495358612436,50.48946273378857,1400.418460520977,23.509866143294484,511.4537344102851,1.0,0.7189328307292374
33.01059869367607,49.91913689082596,1015.8041339368926,22.579696088520496,68.92576670250956,1565.1136241823656,20.036803261566877,553.7159006357781,1.0,0.7297244273380123
31.084908075142902,41.29208078974145,1007.6614939934406,12.187270715567287,81.38198508879952,1585.8451116656665,20.4505282344951,511.21698283890413,1.0,0.5810767534922872
28.06464073618463,56.48486515958692,1011.7325194086536,17.354736613268525,77.40972321793274,1476.5379430042585,21.38544551023372,545.2008777380657,1.0,0.8053985771182877
31.084186816525243,60.184183791895514,1009.765397105604,23.971323398109135,77.72317987672936,1503.8237994960027,17.461339006906602,485.1258899563075,1.0,0.7572006278300474
34.61410969939791,76.76437312275283,1012.3852041361156,13.728552884153753,79.88904577444974,1355.1408585366455,23.40502931625921,565.5991869286973,1.0,0.6295271564389116
29.892521882670145,63.269273737641626,1010.3841094553013,21.467789660833148,70.7092607276915,1470.0323351993213,20.404657592845606,516.0392862966341,1.0,0.5462415203550824
34.69393096744202,57.80899471191136,1003.5850388790572,13.217090976882975,71.57852565924476,1494.9795382958255,23.263713798178216,509.7025971802937,1.0,0.6855095420918569
22.140764687730766,68.2940558118349,1014.9813340972357,22.332149912167633,65.0587848365252,1762.0793091029975,18.53393400895202,436.4969455643984,1.0,0.655405628613884
32.46570751312567,37.88864690992115,1007.5312170841935,19.821792588512583,67.4714171517836,1388.8032974225837,23.636123845115648,514.3477927150855,1.0,0.7113140457053023
30.261141204714512,62.356145581085656,1002.2170905067012,11.924340920472453,74.92616919816913,1646.4177238752438,21.550310988069565,458.40225412527747,1.0,0.6636883338844434
29.102977948602398,67.70865193886966,1007.8594241951704,25.823696772285857,79.63107549735054,1599.6858773465808,21.10608017170472,468.0858636735753,1.0,0.499254313925499
30.275282329606508,45.214137542201584,1017.5037989531716,16.327042116009753,68.884429794552,1528.0636404490137,20.468048908706297,459.2312185841939,1.0,0.6611653061698841
24.037293256197323,71.43754043206928,1014.2511087105675,15.948737814928094,66.3984858811887,1675.8620484195133,19.502942763851102,446.6882534050387,1.0,0.6694380888931687
29.340984336487463,63.38496407494414,1008.2567393279608,21.002845986154714,70.00422367085278,1537.2105472606863,22.401063316947745,606.2385701508481,1.0,0.7633661024774059
31.07133771453524,55.847120860991986,1008.2537114784078,25.743186747143575,74.80965399143292,1538.9159195667928,20.280719739696092,566.5669530994202,1.0,0.6301800325388951
34.43368213422455,66.32781866106285,1008.391824743913,14.920890905108015,58.449161470931664,1494.6879346982455,16.065860592825697,596.018375107213,1.0,0.8678674673372566
28.44518934517906,82.70692857804396,1020.3837399178042,20.30839924923986,51.630552374902095,1622.3568882418626,17.765627076585996,438.8552490222218,1.0,0.5088359449348243
27.574519191320437,61.81866255058495,1011.9096772611578,22.144082501652864,65.59570520406733,1609.6469233810883,19.628308495614505,503.56268749554465,1.0,0.8311167497802625
28.49472886924639,62.48220586300336,1012.1502082359553,23.46552803631572,60.23430059268673,1437.4322712503788,20.61999796633111,435.3246187397952,1.0,0.6775681029121895
32.746206353106224,55.40639100459756,1015.1514172701592,20.882207776386124,65.93487841882151,1368.0752805401232,19.886823022200208,465.2152561401468,1.0,0.7859584872343557
30.986253328979053,51.50155630535208,1011.1939457951325,18.164860804583387,68.81775744946023,1479.7019362604342,22.437941579587328,454.0936508291713,1.0,0.7079801484058733
28.410719388698883,68.30335816544246,1008.7047892708965,15.862048896756402,66.3740127278159,1419.9961435602354,16.09779627192275,561.9792003220781,1.0,0.8139555536025469
31.539802299340067,51.43916174091133,1009.0182507545751,20.430719415231874,81.61974027576596,1493.6475425384644,20.28717587301032,480.188516094912,1.0,0.6612638035447189
30.291232648044122,60.715662372193925,1009.6419937029297,14.639304940071966,72.61395811681857,1623.743813468414,16.36404154922569,553.4189666847008,1.0,0.5901379574822188
32.90593497159867,55.223425532348834,1009.8138888174508,5.393247582526964,72.40379487688662,1454.269834491321,21.519424590968338,530.2060444794259,1.0,0.8420504287271063
27.893840718367944,64.78979825746391,1013.6381477181849,22.182799020788337,74.97765715234722,1495.7176618688425,19.811082571115996,615.1819376052395,1.0,0.6886519354117859
29.017013560206696,63.33662105286948,1010.2597294290365,24.519674205430977,60.88933505775385,1505.8022734808396,20.839219944048235,426.0277888430138,1.0,0.7221558473624211
28.823675540603528,70.375399442579,1013.6632003860778,8.185337822290808,78.31289429936214,1584.8430882205284,18.272234078820468,562.96166198934,1.0,0.8234751914044796
25.609455155603644,54.89983601145253,1009.5964170994571,14.951346476450311,69.39388570771632,1275.3110666015396,22.5589298633155,557.3220435200363,1.0,0.5968044757905565
30.88836083119373,57.30125064706629,1010.3931759515805,23.095771305025988,75.3638449379297,1439.3299705234704,22.083449328117702,451.33105809864827,1.0,0.7595490897639258
30.783165816539668,50.21236284217693,1000.0089965773394,30.287477348558493,61.425142135678755,1521.1283692279474,21.167088606023775,550.356666823658,1.0,0.641010524353711
30.015340369927383,55.55706739923888,1014.5816383735124,20.10396853837704,57.56992987187149,1620.0078956426862,19.740965506273117,516.8072481513115,1.0,0.6867830644355628
29.29623859987456,63.77300493044852,1011.73244237949,16.35998529385433,76.54311726420023,1450.8097552493796,21.159714570590264,488.62618700232963,1.0,0.7072278965384289
25.753887773848756,67.56988616645351,1014.9900505492983,19.0855177944758,73.01127620878013,1312.3447293958125,18.5862148640253,458.8032256514,1.0,0.5499778138553064
28.738064031703924,50.77834675822375,995.5187231090315,26.874382095740923,62.78358756513992,1561.9711445966136,21.711111318041425,464.0445274275407,1.0,0.6221162957179566
28.971856450419693,68.6960592010566,1020.4418735239036,16.770179104377323,63.04269534980244,1436.4637611174371,23.29896178864784,602.4906047892963,1.0,0.8351072892413139
27.593168192335142,73.55637858804951,1009.3020518592241,16.00403996674873,79.00347827531816,1381.0333340909638,22.141221119958374,500.0341409478741,1.0,0.7886191188584796
29.516142865001974,64.13434903223701,1015.5409140836875,17.58628238908984,60.484704857061374,1437.5654610286776,18.540795060385182,539.106500076573,1.0,0.6937360422672765
31.212152570443614,78.76795812558066,1004.8004703643724,15.233356958706437,83.14138362604771,1481.547464234415,20.722834634546206,460.4550309166223,1.0,0.7243123458512893
35.65855770363159,52.26210800896427,1013.0638695253128,20.613351579973976,62.79503412281705,1439.5255335461786,17.413716912482705,461.00735268891805,1.0,0.6705757494363542
30.523733438495515,47.55345296688583,1004.7329221841317,28.123392292347802,75.10713540486707,1279.443394290093,21.14478062235135,554.0992404624972,1.0,0.8356583385827983
30.772651172168292,42.212797510957216,1006.8811551965209,21.615396365580146,67.37105219400813,1589.7066196887133,20.901206825725076,432.5211894224234,1.0,0.6799647422205837
29.7766622527015,74.96044311489183,1019.570156769334,18.738232489368563,74.82549944865875,1627.4875041278722,16.26036732093567,479.23931160473643,1.0,0.7231842092134848
24.243686354102877,66.54365656354058,1009.0465879961832,18.54094365542228,65.64708798308646,1565.1521991339505,17.676432312175272,501.7013705536116,1.0,0.8146030144142065
29.920458373652348,59.44415329089545,1011.0871643658986,12.184045956516716,68.69765675142165,1386.2314329575183,19.433722206512467,505.56863009200265,1.0,0.6222628515154094
30.18069062982308,62.799686263198204,1014.3503386534437,24.415548885735795,70.32735340316577,1479.8508466052483,19.398280505718347,491.0453357491922,1.0,0.8558789184496894
37.389726337455855,48.74510952701623,1012.4784094398631,19.61081401493599,61.98250035374822,1499.3478684770541,17.581046129162388,519.7909890547961,1.0,0.5469538590256623
29.422917105656634,84.45751979616827,1010.7520945257179,19.09760043204687,75.92659476336101,1559.879438956191,20.777957458704368,534.6427877908906,1.0,0.8629642131112799
30.904642027000836,61.292211819752275,1011.8248050123311,35.965537839224304,65.89429146822732,1566.8340488718081,20.502947217881022,536.7318772729665,1.0,0.6627324416048026
29.89586469088427,61.09394794604893,1022.0170779261914,21.49376454182843,68.17120067727986,1426.5826201221505,19.611461736042962,450.70980956660867,1.0,0.6757301252174719
26.493965887141403,67.25766623898691,1009.711906014832,16.24104474952408,62.045205003131905,1508.199555641356,18.488416999683274,485.79224510356016,1.0,0.5109989828817056
33.428468443545064,64.81009231736714,1011.0054952335748,17.868212018972283,49.501330729637516,1545.7280404615242,22.097414252833126,559.7381430938469,1.0,0.6545205282622307
32.25579909806032,62.23884024279131,1015.2532719800381,25.742228545983775,68.47177789919864,1645.5822322146767,23.31081422617659,544.7323593786937,1.0,0.5960193468973116
32.37309584112914,52.09525544554688,1015.52762966479,20.56635205268882,89.30092337290333,1570.4506539824724,19.032877032306924,431.3570274259468,1.0,0.6392353654626528
27.271837635615782,64.71468357135996,1015.9351515278018,12.808610108413166,76.27683430318419,1578.9056687375519,18.77566616569036,517.5739950176101,1.0,0.686268903421112
34.2083829328083,78.82024496475034,1013.1936511101459,24.59614467287602,69.84591696212485,1508.3826627929361,20.982415330823994,401.0887375312595,1.0,0.7957791614472906
25.794446811623157,73.45420046154977,1004.2849754363476,16.65927957230503,67.89687336633386,1641.0459145203504,19.283941240506028,502.34674510301846,1.0,0.7207603351400627
31.76057128140081,75.93186626639397,1018.1671576615055,29.366488881087726,70.17972714249638,1540.9762795959498,19.72120559867353,594.8883508372988,1.0,0.7307676653401114
36.57136687742994,54.88784323568815,1004.2682730349065,25.400240328573243,74.37695292140168,1413.8912089826429,21.47930630344934,452.6053641365507,1.0,0.5904480611154438
27.028391024607934,50.10395179741419,1011.5131773261952,17.763390521706246,60.55349747752924,1640.336997012519,16.181287824985414,458.2838477254209,1.0,0.611924591039727
28.301106811191683,58.74213079900352,1006.2286207499033,26.405081808675565,78.91457355735098,1569.7903272539027,22.63660464970534,538.201489078643,1.0,0.8798725018351312
30.298954095262925,60.557249122886944,1009.679308267035,20.339277552637018,75.72305052352995,1455.6955978871517,20.145361048658682,422.8599242395177,1.0,0.6264798965236753
28.489573037651404,70.94191518470949,1011.6438120515174,24.263868375611096,75.74548580566348,1452.0507032600756,19.177013710875638,468.362248505748,1.0,0.8656208252057296
25.3480097068016,43.07535370285181,1011.6067860772514,22.423664086472375,73.50780591047781,1529.657554514076,19.8215316915571,529.8220568790877,1.0,0.6756938801119133
30.205688924418084,75.29550319460614,1012.1096037711765,15.768216725045633,70.15693326155191,1546.3184795267584,19.924858710041036,468.2857076155299,1.0,0.7002287936143504
26.813088858821686,58.419921014210104,1018.0685563452932,16.78225083841269,75.38288988773456,1519.7292265631206,16.53759739311015,488.2015006394514,1.0,0.807036516022993
31.420777291905544,55.7311893005258,1012.2676715075698,25.149804087905807,74.73451306993103,1531.1308673442884,22.989876454906472,537.2092855157517,1.0,0.8271892421938657
27.241727297298592,49.87895624739832,1008.7792168235468,18.326123339467294,67.1676743124718,1669.9957374576381,20.082651264541237,521.0773041768281,1.0,0.6889187439720913
34.649803215052614,43.451433281342304,1014.8204358414417,17.981757683790015,65.4111858168248,1607.1543152234885,20.88600426089475,513.3409198147701,1.0,0.6611756946478461
27.65024012299129,68.23170583961914,1015.9473524446232,15.224387103253235,70.8148503620959,1519.0635591265025,21.903099541148087,483.04388603649807,1.0,0.6944079551477786
29.033815451382974,60.73317967188404,1003.861960924315,22.117995327967307,82.3921612119615,1594.1310580767483,17.957675084879398,518.5030557634477,1.0,0.7337957528232119
32.44055165210901,47.10039100258946,1012.9870003492493,30.312624596215727,60.087143394768795,1396.747609647246,20.946943798070457,493.8133659950122,1.0,0.7891303686869755
26.307407050698135,47.04921227936384,1013.5058637115545,14.662335428728635,58.25979787398048,1539.792704994681,19.464717818202413,522.8902804962893,1.0,0.7004229858994152
30.68237980381239,56.64215300709872,1008.5121824832,20.12109728336379,71.31808672989213,1680.930634973311,21.693541550432986,475.1533987441011,1.0,0.7618886298023153
33.921428262847286,76.69021525289392,1016.8785340665581,27.061102777077146,70.40710161484814,1478.1954104607626,15.74554515929701,490.87155128102296,1.0,0.8638359732270942
25.17755029631632,57.40408648636395,1009.2497220648373,19.601793043771423,71.38673331496327,1415.2366071380916,19.80181139951746,450.50211037239933,1.0,0.7381309612264785
30.553901575596914,44.96857046881894,1010.6278822673577,22.26185898124867,71.951625583268,1434.7911111406938,18.794358688432077,498.2496194996882,1.0,0.7311652856004778
30.779648382745272,57.54256935914056,1009.1346408785806,14.688032359265602,68.21438196292156,1391.036696265761,20.864525901268312,459.4499568185578,1.0,0.5481089174909932
32.34546861533193,57.27276430252329,1010.0778952379073,22.141535486038244,81.91890750881666,1421.5238091872297,20.940088374736405,444.29767749190034,1.0,0.43692698631709365
26.289147867365756,33.03113357058429,1004.518624565524,19.064278674977256,57.192768172187876,1462.9491901409972,18.584748210355947,512.9330573927695,1.0,0.7388375729230169
26.03863016074717,59.45705133482188,1002.7997455870285,24.928649978399314,63.37202380175803,1359.4432980821357,18.57565227164791,510.636988792883,1.0,0.6905175768719127
31.565824696850694,57.69065469791322,1017.9725253161249,25.936930257823754,69.17396191880762,1501.5618333949603,19.77866926288534,539.1436867474287,1.0,0.6485217325085258
30.890954019699556,66.96206364813418,1005.7651932584083,32.94781821009307,56.85448951076666,1590.2277173786647,18.206715545369583,478.44372152124504,1.0,0.7243530204186345
30.75147855103763,78.48956094945345,1005.0430382527185,22.898165866067878,68.59316476454343,1409.224381985308,21.683967390904254,520.4026423418378,1.0,0.6939596270803092
31.039344628490927,71.26565029547757,999.2330494319814,21.628981582910832,83.29176132582414,1651.928392364177,19.261585599105107,527.5398786136832,1.0,0.8127780250633898
27.959925835264528,57.31111309445169,1006.8051912615525,20.97192150788668,70.16709190636769,1551.0792088527594,14.186023561356716,522.2386903915798,1.0,0.7086110868258978
30.696761091483012,48.934740912583294,1003.3845510329625,18.23416853594656,71.84560724574946,1603.0580585624057,19.250355886756388,458.7173158598929,1.0,0.6253076714929833
30.879217419896044,85.7335980324986,1018.2100758006818,21.692419217308455,59.91868187861936,1434.2165446147862,17.922912358312054,507.4681741135594,1.0,0.7990166238959289
27.856945745920896,60.59218434014488,1015.0490854467132,18.522992949304854,65.06910873568418,1585.4525227066615,16.73744836907811,518.207014802733,1.0,0.6782868925053798
35.59732353343427,60.13929291912946,1006.5592482741114,20.84230488134807,66.9984289574085,1390.8066099604687,17.525146723554855,500.3589233453971,1.0,0.7526536683672307
31.42149876273536,59.758749128899964,1021.2621790267216,26.5879876780398,67.45827922595012,1589.0247500836508,20.21881694366594,395.6761170814458,1.0,0.6522589293807199
26.426089508392053,61.98084760767855,1014.908827434958,14.967287173601793,80.25315036003015,1517.183933979353,22.657281656496462,508.024481198674,1.0,0.6350173114502564
31.96966082590149,58.556395880760576,1008.3758430824569,25.699392805645225,74.461528485801,1555.3251219984784,20.62636894772996,610.6265519698621,1.0,0.7084168230185697
27.075954989318035,54.26337993119763,997.5029714256322,26.58557533669933,61.10833634450374,1382.4405394375149,18.78699322356852,481.99803656215084,1.0,0.7012828643543685
32.36125381122736,54.53141058759608,1021.4547128629537,19.409657365044605,71.97203822745604,1410.4930157723395,20.911808390341406,463.59614510723395,1.0,0.7479827035366833
33.47578673702221,59.672467297840015,1003.052137666182,9.390725504957027,73.98577398797428,1559.7228218253385,19.081819379562017,518.6674279855699,1.0,0.6731354246690258
27.537953044944867,54.56575228866235,1001.7730062652155,16.960890064527838,79.12119230817014,1405.1651995775799,18.610799261673712,515.6189105233286,1.0,0.5163640216229602
32.890128387732965,52.871542173228356,1015.1128521600482,26.484972732805545,82.64432549254698,1546.3206292099123,17.69127466353403,559.6367582708207,1.0,0.6567226116411611
31.238342780809496,61.064302276918966,1022.1987620316963,19.88565968850559,61.87924646537705,1363.2862193539754,16.49634238649656,437.1065922045556,1.0,0.7793818467143816
32.46618047998347,57.450227825791444,1016.9213640925526,15.003488838525445,63.51313991031729,1584.8174212666668,19.22015258688111,536.5690126287496,1.0,0.6702623920756894
35.69037894796184,75.0399298858269,1012.8195456002618,17.47612539385891,59.93937712868307,1376.747668523149,20.316106979840264,529.5211030625732,1.0,0.6753616597485452
29.26383565199139,33.49030191606988,1012.9737717083265,24.203100132522763,68.12784112714415,1555.2299937679522,19.806752659970222,492.8926731529727,1.0,0.7986376505905937
27.73879150692753,70.91506851922462,1014.2670777939015,22.7336678410069,73.73086699557068,1562.5630933646,19.168066144105282,516.9343658960845,1.0,0.6288026772741078
27.33145671112343,72.4608519249763,1013.7946429489339,18.80533950415153,77.89867613271281,1430.3228181570425,18.10850787860644,551.4728740799179,1.0,0.5457196781757101
27.552569145103686,39.2660976759185,1011.4059571198469,18.165877940926563,69.39239181085982,1558.2026567084727,21.216492383369935,543.6157690014226,1.0,0.6839368880474506
29.76869487175769,56.573124059196516,1010.5210055197593,18.04120925478089,67.44121981396125,1526.0442263333557,17.36573616010683,442.8490343963136,1.0,0.6515826048751263
31.02345592444993,56.28559134004209,1009.6870343605024,15.387949077507487,71.21406393798992,1446.115814380726,21.55205582768695,541.0079093377742,1.0,0.6033753680246746
30.830072397990058,45.924883052821784,1006.2301770556667,28.07687844734721,63.31885678695981,1399.1445315923793,17.99556596214655,496.76556974837405,1.0,0.6824621544101309
32.48154974710807,52.22183312409125,1008.5966246156661,18.3883976539433,86.71630977355818,1303.7374308327421,18.49512952529393,503.6437049007758,1.0,0.7491505647246783
30.03900567563372,48.894241545341714,1001.535215929023,26.085792604127484,57.13871178305553,1534.9650047299695,17.066429618768645,503.65984955008474,1.0,0.6990711438432184
34.36060223147195,77.52270443423623,1009.5083018660263,27.606580259612258,71.47792463116579,1343.5197228637944,18.997195706228727,492.487850560087,1.0,0.7306981072686238
29.20602950028613,69.35678393147461,1005.0570444642455,24.9915544907398,86.18884975383712,1509.5344199441308,21.95062491695596,559.5853748553533,1.0,0.8813407698515423
38.160507499768855,72.71555094994159,1004.4820534139211,17.841898436409757,70.05439875647998,1473.655178391775,21.03125617688791,495.8141020075394,1.0,0.6657121138442437
31.87700204329502,67.21672064043236,1010.8994707557674,22.018650451683047,68.47968771998805,1567.9142775438195,21.95684422405607,444.0226935808416,1.0,0.7278348634644669
27.42852733075115,48.70948228782771,1016.960011431723,19.879021968045418,67.14043661751658,1469.7954500510136,21.04428509186787,480.32350720151356,1.0,0.6490786637400865
26.78732250581666,54.75479733720226,1014.5915830300115,15.48149069634936,68.55686654590073,1467.055221365291,17.79266034293926,508.9347358405238,1.0,0.6153640280113027
31.447417245729557,64.89374561227918,1002.1474969818842,21.621796408608017,80.98278779741224,1573.1870704288297,19.338421551344886,561.4607392148525,1.0,0.641509234658223
29.329611644022446,47.778721911080545,1005.0518593171483,14.104801044200988,52.305104709363945,1533.5058029084119,18.439601741765074,530.1547342474416,1.0,0.6521241428478312
32.14200148227628,67.12998430172388,1014.703855939941,25.93839694230782,82.2674696103706,1531.6155957182777,22.66114980807808,457.4732360626478,1.0,0.7359475797547126
31.419712873720634,57.59674601841865,1005.0875630323085,17.676913513508033,58.60834278039884,1546.9267589808526,17.606422707147377,624.2594958339446,1.0,0.9349075786700758
29.78151326202938,56.251791924504026,1008.8768342500149,21.005798279364196,67.86678136612468,1346.4427876792895,21.78739537877822,513.238765548899,1.0,0.628395656372416
27.459618845794786,67.10959968203491,1012.7502604951228,21.41643935773071,66.5660446376107,1575.6788679986983,21.78590774021754,563.7695368999507,1.0,0.6583374694384537
25.455458325942406,64.4426331148604,1005.1582777256818,18.705475131479613,74.70842615816576,1561.2468794013603,23.659240403432175,492.41427832113857,1.0,0.6936876986888751
28.660455143798938,56.3903383418092,1010.5268775307298,22.933469007376374,57.21500518493002,1398.3316871423503,19.180626814741004,526.6679622352725,1.0,0.7395798848709747
32.56919638297042,71.59329803364248,1003.329872525409,17.62548171688738,73.69738132865554,1475.59195263258,21.424644319160326,541.9734252259202,1.0,0.7263550811954785
30.642281232390612,49.189366724001026,1006.9931617802439,24.35648648728622,86.19447698629482,1496.069271237237,24.563303673077684,560.9097355877128,1.0,0.8284095793948117
26.262783663864035,66.15935606944264,1011.5989096707127,13.270101598766257,59.094607963257516,1486.5503215598267,18.764716646132605,552.8684152689112,1.0,0.4573607929464792
30.519542777553546,65.93101257968384,1002.0350313323416,20.63189789773206,71.51764934088317,1533.3859966568534,16.92991950493528,543.609850003649,1.0,0.46130701298043275
31.15595213918651,56.904535606860094,1012.202373689802,29.694644995291423,64.70414257762712,1643.1366781831184,16.239979932184472,484.24566344029455,1.0,0.650412182798985
27.3484276913966,63.26133022242118,1009.9018110053665,14.998343376972127,73.40709764954428,1608.176672767283,21.425424057722662,471.41269790219695,1.0,0.8097300187543709
30.461175317836584,47.488864236146966,1012.7624497720857,16.611275147375743,70.15318221932601,1368.7780806568594,16.23369958388283,516.6303755162098,1.0,0.5434351968394404
30.174626155338,69.240270192069,1011.1195706703234,22.569539248294575,64.86810472764552,1562.206999030605,19.255361894124153,546.6564036170535,1.0,0.39923676603062425
26.571089106508133,58.15097863557011,1016.8207021498692,20.89790890969799,73.90297827896859,1632.8933319535408,20.87462637407792,488.86396496116964,1.0,0.7571179406219208
31.07336208104485,54.772769794809605,1010.6261225132396,21.753150496367795,84.43478487829394,1538.6808520689203,20.37035107365983,553.2585982857194,1.0,0.7243657223702715
31.682353579104703,70.49009225836889,1007.8529722943738,22.445935650738317,68.4727696661816,1609.0980425185967,20.850889728368344,572.630837274309,1.0,0.5909791593200571
33.24915372952583,52.95656309457241,1010.6114875151615,23.17360734280885,75.75806353718545,1701.2270445700765,20.44457971160171,454.183954046329,1.0,0.601446039927907
33.16140615610471,45.91538703636441,1012.716490145182,25.548499209781117,59.65381633703069,1602.3709546106982,22.557731626626786,458.153964810186,1.0,0.6030256280365326
25.866991896128727,44.433708264760966,1010.2443003516286,22.049093284642563,62.34850898545593,1524.9308595641728,18.095367238522407,492.98124705473316,1.0,0.711053531747394
27.18652488025463,66.0600995134564,1010.2029584560194,18.793711726907286,73.77925022304302,1604.5088474084753,18.646009723082937,515.3806334094598,1.0,0.6373684723816992
31.54510580162598,47.19570647503717,1006.4900415609662,23.362868506013655,81.87292822828772,1514.488783309689,18.454681109458352,473.7716493116475,1.0,0.749406391897552
31.541357852736628,77.54794181984364,1006.6854954122452,29.499409674476077,72.84490679028528,1502.3903043284956,21.66038362372522,567.6101339433573,1.0,0.4145373337095609
31.545143058918143,39.18070592116278,1002.9869736410016,19.33683126808713,67.49553575581477,1464.8585764286267,21.800797176790127,521.2033430759226,1.0,0.6143148134872201
41.558194471964164,76.96456368290038,1018.7478837159347,15.127353476646793,69.99433124338684,1656.3413358832108,20.902450638637017,501.97235241203697,1.0,0.587394603908895
31.7126715320795,62.11017467202618,1003.7806838230435,25.53540334643486,59.99673812824226,1418.1571334057999,22.366987333779857,428.2045238065736,1.0,0.6743659321627508
33.4066969205418,59.032868881296075,1006.5354740110205,19.398094180232007,74.83612261084293,1653.2367724678115,17.643918265247237,434.20920917862463,1.0,0.6461952241509862
32.86200529047961,54.550809131910505,1006.407963672154,9.136652269929819,77.05866449858728,1549.9864123740372,23.334448223102275,514.0504625140903,1.0,0.7797843779895767
31.954173753917395,63.991361143520706,1014.4746218847222,24.23710838575211,66.38327733733536,1360.069382519806,23.046477243424516,393.37021869225816,1.0,0.5140663228339942
29.054192266078964,59.62365297575152,1008.5252516085399,17.323359070230385,66.23966281792399,1536.764929299142,21.471243994491495,550.6318704822036,1.0,0.7045491476330752
32.276907661479804,71.03301882016521,1016.2387103633687,19.547333588479198,72.1270258372164,1289.9973492348377,23.56359781754212,492.09230778138397,1.0,0.7558336423211706
27.681524356387285,61.142276486620396,1006.6325468787807,21.659901652845072,66.50624211167523,1562.5508016831036,16.686753584644453,662.1546484797367,1.0,0.8856647436561955
29.289544179779973,61.50301761461878,1011.394970811119,20.952498398895333,69.47093908299343,1588.523148298899,18.951103727474695,615.3958125308055,1.0,0.6518234028906524
28.54390935651269,56.36387787786144,1005.8232647337012,23.5472590856952,86.79777431333213,1440.7644044347946,18.529393078636094,490.92754653762415,1.0,0.7324458604352517
30.245622418158966,59.43054376278933,1020.7257456388669,17.822568147150783,68.02379439403202,1512.3547695955583,21.442958647514686,494.6831498734343,1.0,0.5196137207437634
36.94397570002052,63.07801768892059,1004.0620079048524,22.565528990880413,67.13327878383022,1695.4157433750286,17.89971852079571,549.7790757001014,1.0,0.46080437956869763
24.398204422224758,42.89831607343375,1011.5491035511351,18.702266612080415,64.81966555491873,1449.4253295738063,21.51499029867497,585.1586304959019,1.0,0.78447743757817
32.05878057112354,46.518145778942866,1013.1688844046605,23.694052404437514,75.9535357719995,1394.1092412943399,22.741072287993426,418.09854712819913,1.0,0.6994439706351929
25.161852386431043,67.43264094022715,1012.0689954872574,23.076837420065267,68.55020661425517,1648.1663402462598,21.390405800167997,410.68122673226566,1.0,0.8178512689798423
28.5842044026317,61.708654381279416,1009.0735617056115,15.322806489777022,64.80501569342859,1696.2587190530794,20.567502047323003,468.89825972228095,1.0,0.5626597111030252
33.266851790902095,58.16016663647321,1009.3508965013328,25.42991058087516,80.5704322581841,1500.3695671847847,18.0242533181985,529.1368791586932,1.0,0.7519902139528752
30.19284005728639,60.184339330653934,1010.2190573598956,17.32018277442976,81.3568240361091,1601.1463035408356,18.30629806774927,524.8436795253799,1.0,0.8868817840543853
26.76676566621208,63.47581705361671,1009.2649899918575,24.040288991405724,65.19661147409036,1634.1475915530882,22.499237810593332,553.4885727491925,1.0,0.7419705608357265
27.854088872220096,54.60240319690639,1014.8193955839746,21.836436567006704,55.06768038911507,1425.7515767461616,21.558698007810666,440.0151235817346,1.0,0.7276581505591049
32.038793246804026,52.216952745976876,1021.0526150079568,29.190918383975614,78.06010951869538,1451.469416463213,19.921960961244913,384.19280685155616,1.0,0.700855608082435
27.80890010484859,61.958452550976816,1007.2125410749609,18.88267008814074,64.52296139391997,1623.0874513154736,19.164180908468218,542.9007097651073,1.0,0.5429118542874087
30.649375768745923,50.21627222384968,1003.1509851021046,18.253416019409013,76.32500479330216,1668.5014278708509,15.948384253777245,458.5901863517383,1.0,0.8355572935710348
30.13671551971144,64.08252755714472,1009.5585897582437,19.902901970561338,54.23916945830531,1556.2880860174355,17.858295162631123,399.07560678056814,1.0,0.6389142360194935
28.04519895718255,42.9741639576216,1022.8985466882716,18.484101085828623,77.14077870639447,1412.0185646497946,23.822838174279447,507.2531872979691,1.0,0.7504483256383017
36.43183226797598,70.29155637325644,1005.9816271601513,23.99970950971025,60.31062456575375,1698.706111169944,17.439088857995067,539.6587844109339,1.0,0.5436965693428746
31.901757066954033,64.72597482413043,1018.1955840272203,11.91844695781706,75.8461129525322,1446.9029102188035,20.37895964244216,493.8971433939361,1.0,0.5820540335492219
23.924572240027178,62.56029734313876,1018.3885040703822,14.73158790426823,70.11418454269148,1466.4862218828548,22.014887946390395,477.1075806908755,1.0,0.8435087399222235
30.559362944308283,69.82690983945514,1007.2320587914601,14.660985392104035,62.36848464482684,1534.2337834489622,17.490154663995416,492.0318883927047,1.0,0.6652697711042157
28.014640605694836,76.65474444462576,1012.8449153959264,24.75153795986788,66.74370949658575,1655.4160420714775,20.369420949562166,481.47086187996086,1.0,0.8453275476042544
32.55730000438867,70.1437006501813,1018.1419831156427,28.553066862909624,75.4905476556536,1585.3975976552224,21.87583107502131,432.59764440299165,1.0,0.6921769340941483
27.622437784701898,41.59125768668355,1008.1043612950625,19.477753907312643,70.84715562492187,1541.4865500361911,20.024998643814502,464.2659661504784,1.0,0.5158102227042143
29.655790675599302,47.204230332642986,1008.9820981994882,19.155891384049948,74.67530384377987,1546.3288530118107,25.736806111333536,526.0639952506907,1.0,0.789206759973172
31.51496183694137,53.75181422304321,1007.0915954302568,20.350260815565907,85.81152467612388,1504.3514668643465,16.66280148224361,516.083927068825,1.0,0.6410107682244393
32.59726558251037,60.26091050210834,1004.9262163465356,25.809391513040953,57.48606710631159,1555.8139514518507,22.11745705976776,508.402990298341,1.0,0.7698688813517044
26.39911077883267,65.17659020469122,1006.75361227467,15.36323432904713,82.937700599749,1247.0439922305698,19.654396525207073,450.242575907331,1.0,0.7025210867540083
28.996496292477154,52.742561868465344,1003.8802986661888,21.191844913673926,70.8348475001857,1470.3392540930201,21.54384030967335,490.92484189321664,1.0,0.5456881772057129
28.575164066517132,61.86766764477078,1010.1704173412961,24.87598814891215,62.80972761341498,1524.1321934916782,20.88261430339849,391.14674767785726,1.0,0.7164294765370569
28.040012302278864,52.44617067646678,1006.1501338447068,22.505470849699226,59.35749099408808,1384.8985916380493,18.533687605780006,508.9238331942695,1.0,0.91962231421528
35.29636272084329,53.884821970080516,1011.1689295589538,20.947908082993717,68.48703687378374,1538.632331781156,20.45799278491868,571.4428853906784,1.0,0.7492986458514459
31.214945132882868,45.93338903151778,1002.2205217689818,25.005230462835705,77.37320089539567,1479.5528779013878,16.284197097203425,426.2933933978947,1.0,0.6942482246994537
26.217348136994865,50.76766753889096,1011.6544011610723,6.483838535003814,68.97960703697973,1675.547569831549,21.206495001142788,470.7036163341122,1.0,0.8075343401956898
32.75358584116433,46.48315394383666,1014.1676448080447,23.38937659765454,82.08923944197878,1657.3019725214856,20.59631693198105,516.4553389355065,1.0,0.7210668465203111
36.3664685910379,50.241267470226674,1000.0313217871427,16.72962158436288,58.39059447958753,1453.4194430881837,21.277320337286206,562.6421317213742,1.0,0.7209534230262795
33.09739578165344,70.5364179660784,1011.8702828492378,10.846835515717716,69.90328841723156,1484.9162288433304,22.1162366501743,477.58876918499254,1.0,0.5908374827840898
25.44189010213796,50.50601111168057,1016.1383449623664,22.556012997624904,59.980852444695046,1492.6052434391606,20.735239680419422,465.3874835367052,1.0,0.7233848025789599
28.547297781401245,86.32382064837391,1003.951794906544,26.86829272581479,72.90905506099975,1454.8340523840377,20.296178839596553,401.5538428791958,1.0,0.8035443416416945
33.80073344755987,64.93317900880889,1018.3628619341886,19.31275742686154,77.0950991207784,1519.5024984028128,18.237863326677417,505.1719064654053,1.0,0.6163937847899975
27.876991603143658,61.84836123694874,1012.0950950468302,24.764372736014693,66.63390565055157,1424.171793111241,18.5755584727019,602.1038020071871,1.0,0.8424495821246948
31.331458284438686,51.41642219818787,1006.474940721208,28.061391289943227,49.166289146982926,1386.9384665062473,22.373469240354662,513.8679230982337,1.0,0.6908293975854874
32.32390216028801,67.00309879408991,1009.7211546117114,26.57457226792024,71.59158517437196,1562.271122390027,22.872670811411957,498.8860510408143,1.0,0.611223048846146
27.21920858526575,54.24362173762226,1012.7916345626086,28.199822646856965,73.49390841386807,1562.9529584221812,19.523779127375892,516.1041155383492,1.0,0.7997632076920245
29.8214239318146,61.220098146453616,1010.3800269570621,23.71063745535946,73.23435803969357,1419.5684240340008,20.092005494506548,499.4453998025699,1.0,0.671320576426173
20.276197979792784,85.60084538268795,1012.6937799622318,20.377168194507963,79.88625753457723,1589.53554307626,18.190771250012467,459.34928138699354,1.0,0.7759514887486108
26.92683707599713,59.0394010027535,1005.3966320346032,11.990170940514158,61.43157056280761,1436.842227083467,22.34551369053489,541.1639957838853,1.0,0.6708241367741463
29.242295545820518,71.49273326285676,1010.8468041201804,18.769687559350256,75.4417288436036,1525.3165238037982,21.330833647383557,511.2880761555877,1.0,0.6940173856470097
26.25665045410545,52.96823574874112,1002.9314275154751,15.783767023419042,79.5400600998238,1582.0344012612456,23.882434872927497,500.88066259668284,1.0,0.7493560204334292
34.897233911794906,59.65011509503038,1009.4438696932565,30.85471358748907,55.771299327947865,1496.6387435296288,18.243353845640524,451.2316986360875,1.0,0.7290897057590007
25.7095758661181,77.7080063563551,1005.480461792676,19.120570937838316,72.55721460735182,1545.4740912141135,19.243984201963567,565.175396596738,1.0,0.5004468219548261
28.67986653990905,53.730329422122324,1006.3223502870512,20.61602403392243,65.96656135193862,1448.3570356112427,20.462891845051146,533.2351372666554,1.0,0.5878756259905609
30.392221731858275,78.12448557996929,1016.1804658760522,22.75742688020234,69.34781861518684,1480.3533416571902,21.29297907545154,472.3539581316349,1.0,0.7929409984790816
34.323819867198345,67.07751935455475,1015.4565506029713,20.218012231862268,72.78141186830669,1479.4140569119659,19.568664724904735,550.0912426840969,1.0,0.6867863411098453
25.69241354646168,54.37533224105732,1013.0456906045359,28.475255202153765,66.10217148709158,1425.3421653459761,18.2540778190926,475.12145808073967,1.0,0.6476268697228578
33.48949125646488,66.3240773905552,1004.5384361766371,16.88675319132774,64.5943353667071,1482.322583688422,21.762815057847142,460.89982537444814,1.0,0.5641425984742525
30.03069918305876,69.7255444962673,1008.417957751526,20.973037276186215,70.2732193399042,1345.1381701136254,21.442270725091163,462.01484412598563,1.0,0.5920263678724151
27.055474046856148,66.21809962217196,1016.0654884998959,16.28764707150976,61.30203248909758,1450.8846252857895,18.16745179887255,411.4465723455954,1.0,0.49782013600380526
31.386310422789812,44.297752801095434,1010.7085845681995,13.399887443896471,61.31339896891852,1471.512450663033,22.710885602210993,523.5771190209102,1.0,0.6898719281298467
30.59717908672041,52.728628241751316,1021.5966476999084,16.941154545473573,75.43498626365202,1474.382024750462,22.34039741839321,408.4427560830825,1.0,0.6401562419418954
28.199349368523617,57.52481364448495,1011.9665891969719,19.81481601475794,60.80964771873075,1475.850255412922,20.268592994495584,438.57780843671185,1.0,0.6033412109014685
30.209406254970055,59.25566570899954,1010.9602455824502,17.8534888774137,75.3305000072737,1493.823580013987,20.159195724752074,396.22059954607334,1.0,0.6931876574832048
28.84405920941472,66.20672097550678,1008.4544176789875,16.53789510063072,73.7007303428316,1547.9441518086064,21.108115542231815,495.69651536045535,1.0,0.7363970630852739
30.340552035753745,61.777010009332535,1010.6677045239114,12.968412681640832,56.19354616967523,1587.4517074132523,18.276593859487484,492.4839769864064,1.0,0.9093197932209944
31.98639202356314,46.64655641289899,1009.2376508180973,19.584472136856526,64.57948278131477,1435.0234773151733,20.060062958328164,483.6651893406818,1.0,0.5488116580436786
34.75805044843606,63.801978510059634,1013.5405433834429,12.476398129844988,79.55287522437898,1379.6799144610854,15.69523291078164,447.8711152664712,1.0,0.8159381043300522
26.286553503519453,66.10585745283824,1014.7835115839729,23.80027981844801,62.15067575088255,1395.7955587756896,21.752911291005873,441.388312328168,1.0,0.7973101561015072
36.3991001239688,65.5979044793104,1006.0700526974603,20.412198764672517,66.28476590152489,1451.2797078805072,16.87701355511628,523.2184931773287,1.0,0.62209072606233
24.143736601432494,70.80780725554622,1003.3438352322111,12.712242502675348,73.69648714601517,1464.807868218349,23.006839656858,472.47240341457564,1.0,0.7203235954586031
29.54464471489325,68.33922154548904,1000.8189731344835,18.453954614750682,76.26712407426076,1423.0003933802543,19.3397598120671,515.8179160768073,1.0,0.6542366750662385
31.76495161945373,64.59180079228437,1012.5399566345627,16.239217972047083,67.98768891164403,1370.3883335750106,19.576666036137645,455.7375656937889,1.0,0.7185688580418739
30.842975603205097,59.29834288541353,1004.4831669691306,21.5958725520959,65.21991844246686,1454.3879172525812,18.744532187830988,509.0531371385541,1.0,0.8509131013404551
28.13190144053822,43.39039066484008,999.2355470352376,26.70225223011572,81.37895889358806,1518.142662011397,19.423922252155847,565.1639018658032,1.0,0.7605606232631313
29.375633248928175,64.29618219132585,1011.9428930226549,10.624137651771278,83.91119731038063,1559.5029465835564,22.837062690296072,529.3082900196391,1.0,0.7508608373233442
28.5209971960235,62.076876871631114,1022.4649975871639,20.575130395737087,77.83086440625436,1444.257694689168,15.02438268692984,479.379309089176,1.0,0.6569690680045358
28.231905729167366,62.715788371953735,1009.9696454423006,19.199336022166797,70.68254514052019,1458.7002177856566,22.553930772176376,512.8599485177964,1.0,0.5515943335075665
32.54880629106307,47.232514241796906,1014.1924538722582,23.356700382252328,63.53387422687259,1407.330169115269,20.676046962203415,487.96674127348933,1.0,0.6791531789459593
31.071046457895143,49.189434595917376,1010.4091467927378,21.065983141188447,63.35644474754748,1496.8560829625224,17.585956704285568,500.3940092347364,1.0,0.8206608154863915
27.921271214218038,70.53152853332904,1009.5055517340443,16.240153341305906,74.18011284212606,1415.1571365809186,17.849375213901524,483.7194473925748,1.0,0.5472832143410352
32.69879962629975,59.60444846143345,1014.5953824149389,18.40473032166691,73.34718576710947,1557.31278132412,23.352786054416406,491.78323970573047,1.0,0.5944910631823305
30.921898562629828,66.81500697372624,1008.5486272790567,16.019870715982556,81.21278874357144,1321.4133508065888,18.108986240114536,510.60466765370876,1.0,0.7126267736234069
32.43858635651688,60.28318376130461,1011.3369615703596,25.38003569299299,75.20360074028912,1464.0370327547537,17.69329897880808,450.33206502090246,1.0,0.6015345215152738
31.888886525770836,60.297561394957455,1011.6084890309801,20.10655824335971,57.97535758592146,1530.1107339191742,22.274629084729458,449.20605865050106,1.0,0.6207476552884788
27.513014967233783,69.38283805975998,1006.6595477317848,29.50595342876504,78.41558094178335,1518.3834516322504,20.67710575257183,430.57287230843946,1.0,0.6576401418271823
28.319456879409092,54.83955271782626,1014.9602117476826,19.696695930926897,62.0155149814847,1769.3033663980495,18.124148846927202,419.9864447748145,1.0,0.563438259580985
32.24188081536978,60.96120776940983,1009.125201216523,16.457966165447687,66.92822982438119,1534.9800024567908,20.433249950809238,439.135865388976,1.0,0.6025878153783631
31.831110796300393,55.377247112949576,1006.2212742025358,12.431428036935865,72.00160165001355,1399.594540315799,17.948494632719445,507.9731253402065,1.0,0.7703427916787309
29.937295218107554,55.65503772567684,1012.682549217852,10.984301618720275,85.96533991827171,1490.4535752910926,22.20164279684521,455.3606242254058,1.0,0.5692630217769036
30.351982149926346,56.908278765313604,1005.5076600910448,12.079320284972551,94.87934844804289,1322.3753666533548,22.12274192974627,525.6807232115548,1.0,0.5402127865505162
33.83299468736527,62.22133771633713,1010.1409057868457,21.335633255057417,74.85378447308946,1491.9400250703238,21.064012397643886,501.7356874376281,1.0,0.6369975020466105
28.22528583349251,55.212513783365225,1009.954405016779,22.54362511614967,68.5344270502369,1416.6943942999242,20.723322122494032,401.5747893280973,1.0,0.7731955502509846
31.641292143510114,72.55756125573521,1015.4294778291579,12.094046489839332,74.2760451878444,1591.5390275560162,23.522376249734748,532.7487792110845,1.0,0.680307819200311
29.39342204269832,51.05392697780496,1012.3734911643998,24.475191570380577,77.10124340699069,1445.0459725404464,19.99937265477645,540.5399322795855,1.0,0.6535418921884382
29.34695639031834,58.13128355838641,1009.8748652062743,17.5846947415828,67.43465899554246,1488.3234084204753,17.636251749158397,450.30686625825734,1.0,0.7044358797515607
33.29633055596157,55.60268941725825,1014.0888314960015,20.733965059927748,84.36169084729858,1436.4442158595596,20.898947825664614,521.0095771447495,1.0,0.5254292567140348
32.47624904696409,74.46977884353733,1016.9510377450865,28.061103141277123,71.84056607353122,1673.8851351853332,24.17209409907423,457.17508812954003,1.0,0.7494705653775032
32.440528908001916,61.965547765115744,1012.7890515317594,24.48419657932766,73.98194471273115,1467.8757233882088,17.970481013628294,504.8835188374168,1.0,0.7383435031403645
33.91643642146299,70.31844539468635,1010.0517630992169,18.657346760470837,75.32739401643569,1683.25570434792,19.277074466612028,436.77507965225175,1.0,0.6590691525904279
30.063011524898275,45.14439626963028,1003.4408188382492,15.544038872923563,73.37269288491565,1581.4151762118267,20.832892076202906,410.34467737327117,1.0,0.8005924511796416
32.04585891388489,62.67050265869259,1004.6744316846232,9.240922993353475,76.71152400375689,1548.2066727335387,19.89219030198852,480.85914051935157,1.0,0.5872503901046962
29.069199730219633,68.89630795623437,1008.4738764782267,16.4042334037879,65.06197450762461,1536.873314731752,18.03539283924537,493.8135526862582,1.0,0.812790899325357
30.972499057465328,60.82283989275424,1006.9524389892035,18.944348805861527,65.53358596843175,1539.3797298216252,22.24371571246094,480.1160153192698,1.0,0.7154493665595252
29.609570836896946,70.65480375065351,1009.0651434850728,15.06410236424408,61.19876613622644,1307.232742065439,24.640081444034518,440.798472088872,1.0,0.6663447410121827
30.290987894978155,54.82711549899628,1010.2832496244855,19.343715164538477,73.51600984496181,1472.1116605849243,20.392262918047816,480.00504689344314,1.0,0.6980126364631689
31.785471076310742,74.0934744018558,1012.6484637717837,20.384259414793842,76.23149202809691,1584.5157971184321,18.191863420527998,513.4647376290367,1.0,0.6892735234189058
27.545337950299583,82.9889812361925,1009.6475061097045,18.875720090959607,73.66218292921509,1495.1102816525895,16.90207894989305,497.75534849387316,1.0,0.8220282896417717
36.27716182705638,56.37161439560341,1012.432508219131,16.7499870958827,83.3959394667803,1359.4810153196424,20.51595196244236,509.1250515299607,1.0,0.5923320872528987
26.981947855500895,55.54497478599228,1010.3223720740506,20.84327335983364,69.95523184936762,1494.759554942253,22.207754686632516,466.4942399772884,1.0,0.6237480760853402
26.357434161636803,74.533844771177,1000.1226671682307,22.209703247847045,75.3499332447401,1670.410551625549,20.950335492990764,558.585895735808,1.0,0.803630289207248
33.474332620500206,75.79572145730712,1005.3033230309062,14.54800461278577,61.266392990885485,1624.6891715534719,19.995192318162292,441.19133317226095,1.0,0.640446506481614
32.37498808188881,54.771399728467316,1009.2795622213919,27.05466189873135,66.90320238020479,1493.7995990633967,18.821456696421386,524.3780148543359,1.0,0.7900533077331592
31.872359451156466,55.798131829041424,1003.9515262857944,19.507059338578692,75.56430206052622,1595.1449277058086,17.81567273456382,559.094554647998,1.0,0.869943598300871
31.88503652779284,57.18215391139493,1012.9996436499811,20.094248114724238,76.79281688594516,1463.3492979631949,21.669502652649765,524.0454046374448,1.0,0.6598204973058366
29.963259681459256,46.555494889657226,1017.6537541617184,23.541072116282784,67.64826441868654,1329.612841317328,21.82754324277117,489.8737886467585,1.0,0.7681362326575305
27.308236885542506,50.81348053515802,1016.0938092584865,21.166080656317508,69.42720598513546,1407.5534011870445,16.908540426618533,473.58514766685107,1.0,0.5846307718660142
30.22741367458118,49.95859233247932,1008.932785645349,24.765683169566223,57.857010026553525,1656.2888768508199,23.179677956361367,551.8043825523127,1.0,0.775473329806781
27.968514865463664,52.32202434895871,1017.4536306842498,21.43562082600912,67.14376639354712,1472.6006918170697,21.148142441788004,428.85125373691636,1.0,0.7199423985986767
32.925359200253254,59.65315112613219,1010.7433372860105,16.93781312679781,77.12306530815829,1475.661602062498,22.799189290291586,451.4937869810178,1.0,0.7473038282160216
29.558827855493583,62.342147325365204,1008.3145701444098,21.80751762603051,74.60164012885252,1470.016180372512,17.31574450302977,480.1221117254139,1.0,0.6354427927964605
27.523508409622465,75.50500492814076,1006.9329866822953,14.281368963396691,74.00532577104968,1690.4136589573006,17.268351689169123,561.8826878755999,1.0,0.5338916584432827
29.03584247504102,50.016459592612094,1008.4876515675594,20.542798528882617,70.39818949744767,1662.5958915362064,19.702061380465405,518.9883818020448,1.0,0.7503252064749505
31.238794362826873,69.84322398476584,1008.0591159072939,19.833850046777695,70.05650526902541,1721.8780233448133,21.00556885379039,451.59771207448773,1.0,0.4936596847520546
28.308826341588077,57.86011155774491,1010.8520811118774,18.959415713637302,64.71743088421242,1484.0954789599948,23.592721645853928,484.4846147307548,1.0,0.6682649507757465
27.533338813300706,59.50536290347567,1010.8028699052493,19.357312442805345,75.59062736162028,1529.5624488747096,21.412157827630264,469.28384279518525,1.0,0.794118186641997
30.731061634475736,66.74819492166604,1010.0152301007671,10.590754772511804,73.36778355511512,1348.3357450579208,19.514637446375932,464.5105503883232,1.0,0.7191897735873036
30.73489971332617,48.772779784377015,1012.1846908487317,17.256375461295193,73.9361507839424,1647.6934426118273,17.947261584668215,548.944477927839,1.0,0.8948342644789813
28.47917047388661,63.82409746184051,1015.9532313739317,20.464224505705573,65.79172125865935,1383.2220448732064,22.4600011454383,431.4128435368247,1.0,0.8025109152581773
28.58688508314503,61.66452208213056,1014.7477706772066,20.799281959987002,52.773256641030045,1521.6775563762628,18.07058914849857,580.4390427867187,1.0,0.6346101611674424
30.69614981207291,64.92451264008149,1002.5755101577505,14.86162429537021,78.77722169402956,1390.2697472367156,23.256937109544644,541.4114845092312,1.0,0.7027313379851439
25.655746975508027,62.89168643907818,997.2303943254902,26.328539204323505,66.16930035193276,1441.1133173261303,19.43123070078698,554.543083530185,1.0,0.6952629297455564
25.777608676870337,84.55300139910895,1014.6715995561964,15.669125758927496,63.09779388765504,1416.27375689503,23.1811641452357,476.8530243987371,1.0,0.5417823236653873
27.844667336242694,53.62260015748684,1003.1656065079229,24.847286002633684,75.54783129531195,1439.212473932418,21.357862580118557,492.50296404604455,1.0,0.6059601083515647
29.35965854486446,54.690030449981826,1008.8761729905366,22.135971809358423,66.86389888064696,1446.0877296851022,19.726009021115082,428.3424092737644,1.0,0.6439239093020139
30.932722696794013,53.76859473575236,1004.1494348697032,16.768863450780984,78.47949107237298,1445.1731205074923,18.96120725634775,473.76687964665985,1.0,0.49637794971440635
34.426068650848656,54.44522880839745,1000.9900978120999,28.87655446304756,74.93604759661358,1583.3333911780308,19.31818424530784,524.6827423821576,1.0,0.7047493468251643
32.57297886960606,53.62612872693482,1012.7073136410239,14.0318158412176,75.46855458560383,1389.513720693748,20.856633384750474,564.8031530890698,1.0,0.6750928155346959
29.520184410109717,71.89016531107552,1013.7957758015133,24.595770868050007,59.072354310395724,1522.0541427013866,20.154312992435433,444.6421591598774,1.0,0.5327106098688426
29.942951376291933,74.20504247989855,1007.1174479963664,25.002911590214893,79.6955518830912,1621.795915230556,18.81237718386259,481.72470315073673,1.0,0.7404212865277332
26.992411906086573,54.29253706250524,997.0447885392755,16.646898954616777,72.09000424987084,1448.6803635486604,19.668737179364737,492.4350389883739,1.0,0.7715872744690959
29.944460592022832,51.67644426895771,1007.2687777587375,26.962326500321645,67.04578288603038,1428.20811092524,20.157154059438298,430.21053989037574,1.0,0.7227034478864889
29.134024083239584,64.71415556386404,1011.9590200270127,18.749767427005235,71.14710773873801,1476.947537481975,15.742531811170377,529.56746208792,1.0,0.667593182479103
30.968155681014267,54.477769557190285,1002.6054421561294,21.443468146399287,55.79011813681344,1617.972520836071,20.916336229577396,463.80048341286954,1.0,0.7591442151751855
27.518307169343032,66.32931817755511,1010.9167995988958,21.301609193856102,73.26922249184537,1519.4107630953358,18.040557550566387,490.2304824411488,1.0,0.768022036047669
31.558039542723517,62.029230208513,1009.923450754135,19.32845629264726,61.765027934543426,1446.8785705392402,17.69333519358851,477.4025314044061,1.0,0.7307403569719688
34.59821673900773,44.84255885002768,1012.8964574980055,24.05404136579891,59.178637713251725,1548.387665118804,16.62531130577858,460.53307471401627,1.0,0.6175387749565239
29.67371955462943,75.47505201330061,1010.5979018420708,23.967443602761065,57.821126510256875,1389.7707850163576,16.41221500426422,499.6477507259723,1.0,0.7276600765511181
31.205135166296824,77.95877673095522,1005.1346552955922,11.257340133809096,78.9015069999194,1568.1359510442949,17.28910499377542,489.2195210715989,1.0,0.819548065082548
32.07043197513334,53.87211309515614,1015.9828575083225,26.521701214390763,64.96589285045769,1540.8607307701768,18.581958084739018,481.40710588606674,1.0,0.640337094138827
28.796338584342493,56.122984400640156,1009.2073521348651,11.687540059821629,82.269821679332,1469.2191528861115,23.906518275053138,463.57691891598284,1.0,0.9097939339132431
30.67227744543125,62.85865390724905,1009.8634773024503,25.162731021708286,65.71358829558162,1416.1414201552768,18.94824064820959,515.9762335391478,1.0,0.6474369066014616
30.037777202345385,63.34456789987025,1005.333660204634,25.633525684137915,56.34113633925642,1411.3319077716542,20.355500212536064,582.6808634246142,1.0,0.7032407013340136
30.293028295646494,66.5854427267283,1007.7835887440425,14.54516784892401,61.06780448041073,1553.481733634591,20.800962773012657,506.99436164195635,1.0,0.6327514403993664
27.6809706484336,80.1020453876635,1005.5759864298655,17.945928560227077,79.8864929600555,1622.8980502489062,20.2621303724317,549.8059107455565,1.0,0.7223270835920261
30.073530522776828,58.2305277250595,1009.1352697003829,14.47147665757032,68.75281457650667,1436.2692252971206,19.845113078548014,430.4889037423269,1.0,0.5257778307364724
31.493994873736348,52.01702755461546,1018.5585424007118,18.925394848556323,65.61370162807519,1545.8386703551485,17.60941247280151,507.8880719646885,1.0,0.6453958201183279
34.353430823385125,46.20680771985473,1003.1404942853433,18.459828579071292,71.2801458068223,1291.2972981397932,22.901855096558425,445.1315840514467,1.0,0.5907878799651433
32.87781247825562,52.69069960058081,1001.9321930106163,23.898302661346698,74.01426188934036,1441.5382269342801,23.61439328727577,426.1537536234049,1.0,0.713533834789229
36.45954737253467,59.66873027126203,1017.355851637468,26.55154373059804,78.9391905272197,1496.89410671291,16.634682611754627,463.03142962704817,1.0,0.7994447375508907
27.697957311335852,77.94557863517788,1008.9533816142407,26.97841905394978,81.58799383914341,1409.0316583018166,17.95194281822724,559.5949667206786,1.0,0.7646006187114551
32.61696191016203,54.823887009638284,1006.6546363067005,17.18915986710849,67.12185083368732,1406.3493625210403,19.440379315245988,547.5007914334823,1.0,0.46283406391411075
30.550026017215057,62.237879516388986,1015.1995234369804,18.95389063127736,59.391618511343694,1433.2220443531114,18.070924410179618,512.15023610272,1.0,0.904206965292788
36.56940879965302,59.83577103927248,1006.9719223013157,11.582809038895249,66.69227871101378,1529.2192728326372,21.01193110691173,423.36497200550343,1.0,0.7295279940620869
27.575105143934547,71.88393273448084,1019.1300485677347,15.970649667519055,72.08224405266309,1481.2670981593626,18.543455595186774,490.18596743060317,1.0,0.6223500859507
27.480834473457673,85.26932425873622,1013.3896293566963,24.824258165487286,62.289928590315114,1276.1768766675027,24.330112135613206,515.0850004450867,1.0,0.7157127918990941
28.201822063667933,54.69131227079679,1007.5604429592715,28.07791411774116,62.34279268083966,1287.9299847364935,22.381097188687193,508.7768114789299,1.0,0.7176189822502692
23.62831282707058,55.10560557481778,1020.7865410663276,13.82825564060039,72.75030305239909,1439.3134822142824,20.42514806126443,407.8103208259627,1.0,0.6333151283048437
28.422734934957717,70.44160877069072,1006.9714253849833,17.037678704235528,69.61078118743639,1545.7686586053553,22.053972526639463,455.4841075990064,1.0,0.7197916667342076
27.722602015338907,66.81891489626311,1013.7104768600466,19.867971215205365,70.2623759632927,1225.2495157274766,22.211800848714617,496.79611179256415,1.0,0.6392527712379693
30.451181359428624,78.46707325736034,1011.4964629020325,21.400805794098034,63.932037322399445,1450.0269823848369,18.872105023883513,526.8145454758595,1.0,0.6595638007309977
31.025267927331477,65.83928185325964,1016.508706446994,15.95198240039177,68.15679428635386,1447.375214348258,18.36756551091607,390.19360894500267,1.0,0.6313720864244916
35.62851251764766,56.40707909212941,1017.8075559836343,22.120305222320447,62.60613484585357,1638.8337778208447,20.156286125939296,491.8938012260071,1.0,0.5567328710260347
32.85127151455815,65.9065483069231,1010.1600207453288,17.63080326464542,77.1215872889983,1461.4978188287137,21.723272248995887,507.1524384939476,1.0,0.7145836470215384
28.26928903301279,71.08703580582907,1006.2329106482691,19.927738645608603,78.28199467779002,1538.2988984740928,20.278120797306837,542.4805994258106,1.0,0.7585299436516338
27.304755985954927,68.20482181197364,1012.2998607146956,22.7314212400185,55.23049710209525,1514.1257140087464,16.846007035618005,534.6428792118718,1.0,0.7514883596076373
31.47575751451952,65.07274031107298,1006.6114231512395,20.032111349054688,62.56391311846072,1286.94335201928,18.394351112098317,529.1285659404402,1.0,0.7819925252635235
26.039300378938073,70.66674689589154,1020.0669362376332,17.818070547367157,58.027765959279364,1576.8207216631738,19.852054272811245,460.00297466490326,1.0,0.7324340210014868
35.494376297563065,71.69295590445672,1010.6826766554137,19.451950980370846,64.79980852474482,1521.5396505456288,19.848668791348338,404.5998931438346,1.0,0.6467274501783097
33.53832036216386,73.82158991037527,1008.1733922434395,19.558185203973323,69.33249624167712,1550.8268639674588,23.945084353579617,480.34736214693,1.0,0.7839663864431189
28.592473043685885,66.48709887589642,1010.9234015293246,18.14994485058936,58.40283824241176,1892.6237706436327,17.228024115202004,550.081591260428,1.0,0.5642482460158065
24.860596412727368,58.328819196831454,1003.2643685523515,18.706019686664487,62.625121494997494,1291.5887060501411,21.01117848367175,569.6727263762216,1.0,0.609932861748752
34.06161712249624,61.46713686433323,1005.1419298074468,27.993235852523583,61.96834102334801,1672.4696649761108,22.97822621665658,535.5274551148892,1.0,0.6035799928576755
29.656380464242147,72.06508966508358,1016.0020695397221,22.804597239706194,71.65813863519155,1471.2552480599645,24.542899490845592,521.4670411400867,1.0,0.8080056059139311
33.71344893592038,51.83064329012764,1006.715528605143,18.522598409854197,70.55475469629,1528.732890440301,19.191205153632076,518.9819824192982,1.0,0.7942788514140076
25.216717023616898,63.686733088729014,1004.7654450865903,23.484772022553678,64.22609957330198,1495.4487754698757,20.9828589054404,472.19406266196097,1.0,0.7487305237044994
28.201874931138683,56.06661187672639,1012.6832637626364,18.33090255121995,71.41456697711519,1457.5763666601956,21.139520714397293,493.496985322319,1.0,0.8071929865211798
30.01573109915455,60.28744822934817,1015.928520773315,25.865623187933206,65.62655932330188,1443.016707176124,20.39096346310658,583.4534762913165,1.0,0.6120717217588012
30.140941781294227,72.78451862607298,1013.5947665533254,21.84821096099047,67.82675911739157,1532.9508735573008,19.802309597521386,452.8720997104062,1.0,0.7348595119860981
28.649803585562267,61.910990680199035,1014.9802384290291,19.463489279978855,83.3876167223883,1348.282630332832,20.87195077900009,580.7389395354926,1.0,0.6874825571616836
31.868549797042498,60.46436548156149,1006.2160245571527,22.238584629051388,80.72368841432278,1575.0579167521767,14.93550782956063,483.89859227539705,1.0,0.7846882103884913
26.797138711852217,46.40143859020081,1002.8909466662908,12.145619239657503,59.60335010457922,1458.3805595114745,21.36413898012526,566.271605454754,1.0,0.6884775767447803
29.57286154493612,67.46253566027221,1017.5066682597775,14.366162655450974,76.6378593430334,1386.9930660959642,20.252355807323934,429.6592495251231,1.0,0.6615057111589919
30.360886895135696,66.45484181141076,1008.3866008057893,14.030374968004722,76.49117243593274,1454.9987142004186,19.555050206443468,529.2952100582324,1.0,0.754090851856099
31.543316502176246,81.6325472330546,1008.7458349177248,20.714715473818533,60.813893689979054,1625.7149216862572,24.093724391439117,463.1614932026189,1.0,0.7876169167191234
32.13484463426667,56.92221765046999,1016.6409707092453,28.66257499742546,76.55022115003888,1446.4664912983776,18.650131962418897,429.2366404037906,1.0,0.6331654805153198
26.626073724486393,62.19150327663939,1012.7811500470033,31.15650073096316,82.30345534730043,1535.8453618209621,19.19384802186994,510.9267021205473,1.0,0.6938924328647624
25.397657487793133,62.49383683710755,1012.279438860408,23.190255507203787,61.01964155004469,1426.9043724284527,23.983106604409468,550.4735894297985,1.0,0.5941559366358348
33.83303046569553,75.77453279763475,1020.8250117245054,22.504222374722286,62.65997743188589,1575.7921849923619,18.335877390300286,457.7529280703252,1.0,0.45019389825070605
30.996942035938776,59.047044676130476,1006.7824088480993,10.994711329236305,78.14129173474802,1568.5507738790204,18.899769434126924,425.0492019770799,1.0,0.7200459631413729
27.75454039033034,62.790215257703395,1014.6392006404062,17.28663100132989,72.17196248660518,1684.8608833296412,19.7059491531383,495.4077617832522,1.0,0.7608905356254632
34.65345592656757,66.0789650971654,1010.2850656244855,16.061081240458805,74.41181020191618,1482.4436054500784,21.6814689642591,495.628233561141,1.0,0.7262066809086726
30.347023902878576,61.86609123156358,1011.3429613943163,16.89576200874442,72.72471373120398,1566.8654804757907,20.415605014706628,527.415981377725,1.0,0.5050438282245633
33.53789155219148,55.535663854494715,1017.6423421320627,19.159280907076052,73.12556736742515,1509.8067539538945,17.414749305695473,547.4797285682245,1.0,0.6649150569923525
30.202555444230327,61.94089992898308,1012.5391787814481,17.639547111514364,59.38822297351133,1629.5871781863013,18.93566287374562,497.0292409363753,1.0,0.47816522399489186
36.18224377464596,70.73631749859771,1012.6914803952482,10.103500948121061,78.37854165297159,1428.1167612391268,18.785291133575576,592.7751657397132,1.0,0.8369701107654185
35.26602252732961,49.7348470058894,1015.362536686549,23.73955128058767,79.35671993942219,1574.500531287728,19.845557909553907,511.21173722676457,1.0,0.5913945417881914
29.253107554562778,61.32969674146876,1008.1752363522855,14.636284871300967,68.16487404745578,1480.530270388332,20.851687317259657,482.678674699655,1.0,0.8255403609459897
32.91471285286307,52.99879185060827,1005.8039516633049,21.196234320555746,69.6521844014891,1493.5811822891503,20.836411511775943,419.4216320448586,1.0,0.7945869643684146
31.936127848755444,71.95046628924842,1004.7759540298948,30.370413348749867,57.751139979554225,1509.1752484448373,16.447976491903194,486.86702398419163,1.0,0.6099409647463938
34.105894672597046,44.76813095216225,1000.16821705312,15.403077042067883,74.11403804814267,1525.2240396426678,22.127881975121714,483.1806527294432,1.0,0.5867215048732255
27.105229618259685,54.410781527284115,1020.2810356497016,7.348562386268352,74.57645953371315,1488.3770956878043,20.505137691993248,548.0152398140735,1.0,0.7350370216386338
32.058154379995315,63.772118750645205,1004.4839581713916,18.569978890599447,69.50247186400551,1521.4713183170527,22.76906409518781,523.1241812033427,1.0,0.6155675962816929
33.175273460548766,75.65524029234341,1008.8937318820712,25.504798174992857,78.99482687896402,1657.8118057562185,20.888396654581342,441.03154391836915,1.0,0.7102484642158208
24.723781540730656,59.34249738927012,1008.6159335005553,29.791737271102967,67.32738215216048,1598.5449685615217,22.202645915471525,508.6127193205519,1.0,0.6517172409193082
26.450224462002673,54.44800473306802,1011.5370334890455,13.852252027737915,74.5168474071488,1586.9154592496895,20.933090622900252,533.5765585864526,1.0,0.5218841585534366
23.882303466719698,78.8115706944059,1014.0786860626965,22.483496116182607,61.84268529046307,1454.446047397613,22.692451512405498,576.4015679693916,1.0,0.4769531980875541
29.191779496666328,45.51986099583756,1014.3023674417988,17.673447716099734,69.8115827930061,1411.0759171771676,21.044501272035557,544.375198370703,1.0,0.7226684248494597
32.152626767387886,38.01194043379918,1007.0846128071553,19.47025822847932,68.60516593677731,1595.5300558237752,19.804169507114192,538.0423327155739,1.0,0.6438442253669374
34.507071156288085,64.40014450053333,1009.164391431068,33.221716735085174,71.80246337632754,1587.6046792529794,24.544869440893763,503.0042997307582,1.0,0.6446910183085868
30.222284341259325,54.97945775647389,1011.4128997524415,12.485148358024233,67.04378456933313,1647.2670675750983,21.778074244559782,519.4156002711725,1.0,0.7695863839093786
34.88584663671388,49.787671828692865,1008.7565443690822,21.268698307472867,68.94821923462666,1439.601937403077,21.147488842008826,562.4752450353079,1.0,0.8173442276632445
25.859695625355325,67.08356447299353,1018.0367278801,22.338465858827167,76.60837737153204,1477.0451344639653,17.447391166923328,433.36113012601754,1.0,0.672745527863819
24.889852681934535,62.43800713771199,1012.4548747581913,25.428931624696737,66.50588610209427,1336.0515837474566,17.423384765072925,482.5280336391522,1.0,0.6659401293090139
29.833356903310143,54.359213692632714,1013.674388930249,20.48991576735448,57.147383194090565,1460.7528893939127,20.585430964283706,461.37156256218793,1.0,0.7500143033113884
31.152196346817924,47.19695601329106,1013.314406343337,21.54025269752051,83.99667123364337,1599.6570510579447,20.291042395536483,518.9576559363062,1.0,0.5643064430300425
29.90191575571772,68.72457328280144,1015.8673692874266,18.041757162891045,81.0516326295239,1453.3504620771803,18.77175486998337,561.5111087825394,1.0,0.7223153054747697
23.79767369988037,66.50201177958661,1010.9051077935185,21.345634706225535,59.66189843915505,1564.0479795200824,20.28196539922412,470.1512856639463,1.0,0.7551885971822154
29.732639881461633,59.00824136220617,1003.5158402602208,18.28403862251295,75.51766244196156,1480.9496894002189,23.17725385608719,380.4847816265281,1.0,0.7680230208417629
26.08659149848544,78.46636996047665,1011.9984397587632,23.107859449280255,65.97620183558925,1532.4057028221562,21.3908049491006,479.3889627487765,1.0,0.5063247297497535
32.009017646490115,49.29915233673847,1006.7432155310408,18.15194831978183,72.10789772264847,1385.2308610184332,17.717982980494522,545.6736866008703,1.0,0.623864473019106
31.099794738290544,44.74474829075261,1007.3569165912512,21.885501969510933,72.35379303210794,1508.52094496339,19.776982345714114,526.881495147494,1.0,0.6121736747176534
27.180360641017934,53.080919301187556,1012.9318200937755,19.853685931575107,68.12473759746942,1200.8864029099277,18.390067038294877,521.4093123905288,1.0,0.7099886954409214
28.45839924798992,59.54413983644502,1016.1914153571681,25.63025125386084,63.72987467530883,1481.3103841838015,19.224600167182878,486.000334906276,1.0,0.7480744579767984
26.822359434333144,62.43339449322692,1010.1063578836803,19.74303138205757,64.47567158146992,1336.952675628486,19.172768668740716,436.0484631890107,1.0,0.8496710407445982
29.811962708180484,57.5876394214367,1011.5441650629948,11.134837658965592,62.67046467615006,1620.5994516546816,19.04470883479199,525.7647160812234,1.0,0.6505034519631927
32.865426961503715,63.520553965142966,1018.5110747231762,26.309607503569957,63.34542233415644,1577.7407352764512,17.48972925605321,458.2859094982688,1.0,0.6502427501690786
27.04282186099337,47.48460575809556,1011.2037658974428,15.471338495686904,69.46257367960516,1546.667098196608,19.744690636963618,609.2048366690228,1.0,0.8149672018878747
31.512139546553534,74.4376460407326,1023.008415570902,16.7311683067559,64.27392008711399,1652.100622715938,18.87878472630538,528.5253604177258,1.0,0.7296576938530306
28.409227144882678,59.178488216074314,1012.8275482281578,17.02169352978254,75.45641652570096,1405.1083479175163,14.141102619995465,470.96758487230244,1.0,0.8267651511187974
27.621381503212966,71.17295831588127,1001.1961862042209,26.872190465854086,81.89796924268742,1674.7363197915558,24.105944049003327,469.4307376305686,1.0,0.7288728003009837
29.678908920136326,63.42725346377704,1013.7667081055226,9.321628930106522,65.35957406903965,1593.2191564260386,22.177539308433346,495.3527896693206,1.0,0.584288338128673
26.89427303274188,64.56753219153784,1011.9057919244138,35.688742668299966,71.91523600428302,1476.3444712781054,19.24739855015001,488.0249038989125,1.0,0.5666871645222193
28.339052083958453,65.69767280232205,1016.4487637704137,25.28028404533026,73.99748088242347,1613.5620147182944,20.037638099481196,555.8416887764977,1.0,0.5448487750941071
26.406366322233453,64.47708560017315,1013.3659067563498,21.1161945706458,73.7760181673542,1389.3706487588365,17.656691305364877,509.3208084872023,1.0,0.7662051834758473
35.89417539874917,66.42722759867544,1009.3077200800811,19.725529996918567,70.6076421433287,1417.5485838472327,23.39144575562173,463.4184130545736,1.0,0.8188596823087009
30.105790655915186,73.29152530132431,1003.8785088185532,21.427770374288286,75.94145934687778,1439.14102767603,23.794577389546223,594.5220342577891,1.0,0.8849362141386381
27.900823476022243,61.9652116970147,1008.9548837135699,22.605612141896692,73.85799162144525,1447.1022291935985,20.31338745649305,502.46541657601114,1.0,0.784310533232324
30.641939732202665,67.09003757588512,1005.7473977289535,23.226077929750286,60.09870062138162,1394.3442357239746,22.04706128837069,538.4419837984449,1.0,0.8162838577534985
29.66301585092751,59.102643057127736,1007.0973827509764,22.778022330017244,76.95324851511418,1622.3083067095324,20.350573557867847,469.58867462776203,1.0,0.6419983667346315
29.33709120140033,74.40117215449473,1012.942892022103,20.447903406276243,77.09832669813393,1474.1145599630167,17.32654912224814,518.1557813872262,1.0,0.5843584183256143
31.842500100130277,53.2360769794073,1018.3495225217571,19.01330789846337,63.89371116657135,1535.250496835688,19.176353262072684,515.5554995571598,1.0,0.7850079332417553
32.27252313014191,78.00940432910815,1011.9733576491149,19.243633581732443,70.30350268358082,1442.9648633586319,20.263855933543915,405.51753539519234,1.0,0.7417680752239401
28.40849655716842,59.59842049355657,1004.0205846898241,19.025458598236597,75.46663194248856,1317.9396699451484,19.09090456251311,600.763755523032,1.0,0.7107444374340892
28.27254527806596,45.69224897881952,1012.2230133411007,25.668850484335323,68.32548944336511,1527.0057358391423,19.562693445129927,564.5322230461273,1.0,0.7387371480632989
29.17484490854507,61.28104414910789,1015.9831574332283,22.967783611404307,78.5838243821281,1308.7745024580222,19.81720088498177,480.14023419270063,1.0,0.7323185482458205
23.094236505793248,53.18948342525119,1006.9510854784031,5.298056826678598,88.91097995695489,1493.136595391453,19.838243004269078,444.88651297720725,1.0,0.8283816859853561
25.454426813404343,68.40643548988724,1009.3299141666354,23.279503882648804,63.71211173892014,1363.1684961167189,20.104516980994966,517.3780806901776,1.0,0.8294985584816956
34.100622802333575,53.47376020697609,1010.073440973646,20.973680973593876,58.9516431747698,1698.7275999230808,17.878789867206798,504.3348849707198,1.0,0.7544220352340347
34.93490314050385,55.538165667852205,1006.0755084345888,19.90645621777051,72.430548764839,1591.1362722174722,18.56596770174413,517.7834474281615,1.0,0.7845802872562928
29.252891881330864,41.10459269054469,1013.2414021692193,18.05740773455557,75.77250004100915,1510.5753791271482,17.43083146860006,509.5788698097045,1.0,0.7514062552424776
31.7296708891673,55.47693680750923,1009.3952592569611,25.620563599930065,68.15306900924185,1626.3706677654668,21.9556310993724,525.3120494652964,1.0,0.6538830267965381
30.93375046363061,35.76120673371044,1012.0976622195351,24.737632310614288,81.62608530656827,1415.3684022534264,15.78870611631935,572.3652849695903,1.0,0.775656467491314
39.236642425365716,44.16097176514277,1005.5625391109895,16.135611660881956,59.29115360221401,1554.3479378670093,22.30718068663385,528.4051602564323,1.0,0.5605504931140739
33.35872473430373,67.60414656144297,1007.8127084983829,22.035261435622676,75.54334898425289,1519.9810433718712,22.772698794525688,447.51722505450294,1.0,0.8053891552295883
29.6162472255577,67.85800158650832,1013.6119067891389,15.141716327293569,65.15311343392885,1526.402008133367,19.39563882603476,568.1281426356226,1.0,0.5805477060233966
27.133378678198724,64.25457561784965,1008.1358342395412,13.101909176055347,83.75502324965838,1627.2353500106767,14.793725824345403,582.0307281744143,1.0,0.7285803286794733
25.18066103922728,50.33023856870787,1018.634819256167,16.866413877050174,85.94012282534494,1573.2492102779802,19.27737887606542,657.6028367256042,1.0,0.6154846041573842
30.61039090760167,59.5228864385802,1008.001819071927,24.311967361913794,63.86674729773322,1528.8723662825023,19.87163167742236,443.8252983380201,1.0,0.7553388983074427
27.73094776414709,59.963974609094315,1011.1234236287594,24.765625226880434,65.60354291273136,1334.5112563771704,17.978803560142172,512.1441006575137,1.0,0.6966074774072091
25.73323887120698,48.416353108074574,1014.6629541593654,22.565427100486467,76.87670309583842,1403.9953704720535,18.969563212383516,395.8950648405506,1.0,0.5405244041836668
28.060281347272422,75.0339830176715,1002.9081713353348,23.625478934239986,66.90295480168388,1487.7291066404275,23.060390397726703,527.6574578189604,1.0,0.7420699631018479
26.755355989156815,68.77362290575671,1001.1959559400962,22.58089143557479,69.63671025654209,1509.337237427665,21.32985432460348,472.5899850916614,1.0,0.642207922316729
35.06142490521769,57.79035826170336,1002.3717184271495,16.792592023885238,70.20310736433927,1386.9796275326075,18.1508717712438,596.1722897412477,1.0,0.7881146720813369
32.64491927084835,60.26885838994531,1016.3129205171359,22.159612723369705,54.64261475041875,1741.1676675578422,16.804801660809137,461.2692514990709,1.0,0.7001325688734408
29.976082076050147,62.08382807947552,1007.2407092705378,24.002047626138413,69.8892980312461,1651.6394055253572,19.345965364780458,415.5408481016369,1.0,0.7395420985388038
34.43983241667008,39.58265131575709,1022.7909964283413,23.771456649067872,64.48217780748661,1560.2118320392483,19.573086441299125,476.43681296487404,1.0,0.6042431044984788
30.232104922942856,57.52822617479403,1007.1787620067131,25.944566857373214,66.05501742080182,1507.2036861283746,20.992398374726633,401.2256114391431,1.0,0.6410667768572638
27.41614739601521,53.180157520022014,1010.9227565159852,23.541519236005318,81.54905602775051,1478.779103009885,18.92936657486468,537.5549727253655,1.0,0.6541361363898915
34.56937223180897,49.983799901050844,1017.7105497628394,21.757241037707914,59.947944845765946,1404.8081539977763,21.022999150723724,396.745847687184,1.0,0.7856702480242556
31.616730131053977,57.18899707114045,1020.0304644407956,25.350751191582138,76.50564149398382,1507.7480518518862,23.87030808012046,501.42287905915794,1.0,0.8677377087805489
26.888261537020632,77.97686526849523,1020.307517883182,19.8673937037547,67.76829655734554,1525.775254014275,21.631002044888525,396.10940900719015,1.0,0.6194828248257124
29.428983965749175,66.4084286126701,1016.0418311529658,15.59062674386141,67.76191865203333,1375.8239424518376,19.903822985338454,483.9851097731679,1.0,0.807684814465768
27.373145239845726,54.28821010217203,1015.1203126290574,19.18466518028118,76.32297516841369,1533.4176417244898,19.63369905789341,582.1689077902267,1.0,0.4830322582274298
25.85160080710699,65.72582781356158,1012.962634746006,16.275486775967757,72.72041035655113,1484.4740951175252,19.286653731640257,518.0323945717897,1.0,0.580581059890771
